"Name","Usernames","BIO"
"alex mendoza","@alexmendoz91783",""
"HVAC Jobs USA","@HVACJobsUSA",""
"gvn","@gvn49525844",""
"Ivan","@sweetboyivn",""
"Ajayi Oluwatobiloba","@oluwatobil55316",""
"🅜-🅖(O+ve)ᵛᵃˢᵗʰᵘⁿⁿᵃ","@M_G9999",""
"Jdoe","@jdoe_50",""
"Dynamic Mechanical Services Ltd.","@Dynamic_GB",""
"hvacMehedi®","@hvacmehedi",""
"Nex_wave","@Nex_Wave",""
"Ivey's Air Condition And Refrigeration LLC","@IveysAC",""
"Estrella Clima","@EstrellaClima",""
"Integrity Refrigeration and AC","@IntegrityRefrig",""
"Ahmed Baklawa","@ahmedbaklawa60",""
"Performing Instruments, Inc.","@PInstrumentsinc",""
"Joseph Olagunju","@JosephOlag72600",""
"Hayson(Grinning face)","@Hayson6969",""
"New England Trade School","@NETradeSchool",""
"Shahid Choudhary","@Shahid_2k3",""
"Ketan Dixit","@k10dixit",""
"Aidar","@I_DARE_rd",""
"Ali Furqan","@AliFurqan754542",""
"russell a lauzon","@patriotruss64",""
"Zohaib Ahmed Soomro","@SoormoAhmed",""
"Durham","@Durham198286",""
"Arnold Chizoto","@Schizotoo",""
"Sigma EPD","@SigmaVent",""
"COOLOMATIC","@COOLOMATICNJ",""
"Yynnwwaa","@yynnwwaa11404",""
"Kazim Khosa","@KazimKhosa24639",""
"Emmanuel Igbabo","@Oyigochos_Copy",""
"Gary L. McGrath","@Garyisyourman",""
"Refrigeracion Verde","@RefriVerde",""
"Zain Noor","@MalikZa18093907",""
"ConstArt","@ConstArt_",""
"righteous man","@Soaring_eagle22",""
"apathetic","@nolansleeze",""
"Yang","@wayne_hee",""
"WAAKO BRIAN","@gerald_waa64769",""
"ROCS Africa","@ROCSAfrica",""
"Chenghua Yan（STEP）","@chenghuayan878",""
"Botan","@IamBotan",""
"Oladipupo Rotimi","@Delta2rt",""
"National Fuel Oil","@NationalFuelOil",""
"RokPlace Digital : Website & UI/UX Design","@RokPlacedigital",""
"D S Technology@Dinesh Guupta","@dstechnology25",""
"Javis Nelson","@JavisNelson116j",""
"Christopher Abruzzo","@1NewYorkHVACLLC",""
"Contractingright","@Contractinright",""
"Cold Room Factory-Shandong Atlas Refrigeration","@atlascoldroom",""
"Elijah (Eagle)","@_ECole3",""
"J M","@autocryo",""
"Yu","@handyu2024",""

